Workbook

Sheet tabela_periodica
D1: 1 | E1: 2 | F1: 3 | G1: 4 | H1: 5 | I1: 6 | J1: 7 | K1: 8 | L1: 9 | M1: 10 | N1: 11 | O1: 12 | P1: 13 | Q1: 14 | R1: 15 | S1: 16 | T1: 17 | U1: 18
B4: 1 | D4: 1 | F4: TABELA PERIÓDICA DOS ELEMENTOS | U4: 2
D6: H | U6: He
D9: Hidrogênio | U9: Hélio
D11: 1.008 | U11: 4.0026
B13: 2 | D13: 3 | E13: 4 | P13: 5 | Q13: 6 | R13: 7 | S13: 8 | T13: 9 | U13: 10
D15: Li | E15: Be | P15: B | Q15: C | R15: N | S15: O | T15: F | U15: Ne
D18: Lítio | E18: Berílio | P18: Boro | Q18: Carbono | R18: Nitrogênio | S18: Oxigênio | T18: Flúor | U18: Nêonio
D20: 6.94 | E20: 9.0122 | P20: 10.81 | Q20: 12.011 | R20: 14.007 | S20: 15.999 | T20: 18.998 | U20: 20.18
B22: 3 | D22: 11 | E22: 12 | P22: 13 | Q22: 14 | R22: 15 | S22: 16 | T22: 17 | U22: 18
D24: Na | E24: Mg | P24: Al | Q24: Si | R24: P | S24: S | T24: Cl | U24: Ar
D27: Sódio | E27: Magnésio | P27: Alumínio | Q27: Silício | R27: Fóforo | S27: Enxofre | T27: Cloro | U27: Argônio
D29: 22.99 | E29: 24.305 | P29: 26.982 | Q29: 28.085 | R29: 30.974 | S29: 32.06 | T29: 35.45 | U29: 39.95
B31: 4 | D31: 19 | E31: 20 | F31: 21 | G31: 22 | H31: 23 | I31: 24 | J31: 25 | K31: 26 | L31: 27 | M31: 28 | N31: 29 | O31: 30 | P31: 31 | Q31: 32 | R31: 33 | S31: 34 | T31: 35 | U31: 36
D33: K | E33: Ca | F33: Sc | G33: Ti | H33: V | I33: Cr | J33: Mn | K33: Fe | L33: Co | M33: Ni | N33: Cu | O33: Zn | P33: Ga | Q33: Ge | R33: As | S33: Se | T33: Br | U33: Kr
D36: Potássio | E36: Cálcio | F36: Escândio | G36: Titânio | H36: Vanádio | I36: Crômio | J36: Manganês | K36: Ferro | L36: Cobalto | M36: Níquel | N36: Cobre | O36: Zinco | P36: Gálio | Q36: Germânio | R36: Arsênio | S36: Selênio | T36: Bromo | U36: Criptônio
D38: 39.098 | E38: 40.078 | F38: 44.956 | G38: 47.867 | H38: 50.942 | I38: 51.996 | J38: 54.938 | K38: 55.845 | L38: 58.933 | M38: 58.693 | N38: 63.546 | O38: 65.38 | P38: 69.723 | Q38: 72.63 | R38: 74.922 | S38: 78.971 | T38: 79.904 | U38: 83.798
B40: 5 | D40: 37 | E40: 38 | F40: 39 | G40: 40 | H40: 41 | I40: 42 | J40: 43 | K40: 44 | L40: 45 | M40: 46 | N40: 47 | O40: 48 | P40: 49 | Q40: 50 | R40: 51 | S40: 52 | T40: 53 | U40: 54
D42: Rb | E42: Sr | F42: Y | G42: Zr | H42: Nb | I42: Mo | J42: Tc | K42: Ru | L42: Rh | M42: Pd | N42: Ag | O42: Cd | P42: In | Q42: Sn | R42: Sb | S42: Te | T42: I | U42: Xe
D45: Rubídio | E45: Estrôncio | F45: Ítrio | G45: Zircônio | H45: Nióbio | I45: Molibdênio | J45: Tecnécio | K45: Rutênio | L45: Ródio | M45: Paládio | N45: Prata | O45: Cádmio | P45: Índio | Q45: Estanho | R45: Antimônio | S45: Telúrio | T45: Iodo | U45: Xenônio
D47: 85.468 | E47: 87.62 | F47: 88.906 | G47: 91.224 | H47: 92.906 | I47: 95.95 | J47: 97 | K47: 101.07 | L47: 102.91 | M47: 106.42 | N47: 107.87 | O47: 112.41 | P47: 114.82 | Q47: 118.71 | R47: 121.76 | S47: 127.6 | T47: 126.9 | U47: 131.29
B49: 6 | D49: 55 | E49: 56 | F49: 57 - 71 | G49: 72 | H49: 73 | I49: 74 | J49: 75 | K49: 76 | L49: 77 | M49: 78 | N49: 79 | O49: 80 | P49: 81 | Q49: 82 | R49: 83 | S49: 84 | T49: 85 | U49: 86
D51: Cs | E51: Ba | G51: Hf | H51: Ta | I51: W | J51: Re | K51: Os | L51: Ir | M51: Pt | N51: Au | O51: Hg | P51: Tl | Q51: Pb | R51: Bi | S51: Po | T51: At | U51: Rn
D54: Césio | E54: Bário | G54: Háfnio | H54: Tântalo | I54: Tungstênio | J54: Rênio | K54: Ósmio | L54: Irídio | M54: Platina | N54: Ouro | O54: Mercúrio | P54: Tálio | Q54: Chumbo | R54: Bismuto | S54: Polônio | T54: Astato | U54: Radônio
D56: 132.91 | E56: 137.33 | G56: 178.49 | H56: 180.95 | I56: 183.84 | J56: 186.21 | K56: 190.23 | L56: 192.22 | M56: 195.08 | N56: 196.97 | O56: 200.59 | P56: 204.38 | Q56: 207.2 | R56: 208.98 | S56: 209 | T56: 210 | U56: 222
B58: 7 | D58: 102 | E58: 102 | F58: 89 - 103 | G58: 104 | H58: 105 | I58: 106 | J58: 107 | K58: 108 | L58: 109 | M58: 110 | N58: 111 | O58: 112 | P58: 113 | Q58: 114 | R58: 115 | S58: 116 | T58: 117 | U58: 118
D60: Fr | E60: Ra | G60: Rf | H60: Db | I60: Sg | J60: Bh | K60: Hs | L60: Mt | M60: Ds | N60: Rg | O60: Cn | P60: Nh | Q60: Fl | R60: Mc | S60: Lv | T60: Ts | U60: Og
D63: Frâncio | E63: Rádio | G63: Rutherfórdio | H63: Dúbnio | I63: Seabórgio | J63: Bóhrio | K63: Hássio | L63: Meitnério | M63: Darmstádtio | N63: Roentgênio | O63: Copernício | P63: Nihônio | Q63: Flevório | R63: Moscóvio | S63: Livermório | T63: Tennesso | U63: Oganessônio
D65: 223 | E65: 226 | G65: 267 | H65: 268 | I65: 269 | J65: 270 | K65: 269 | L65: 277 | M65: 281 | N65: 282 | O65: 285 | P65: 286 | Q65: 290 | R65: 290 | S65: 293 | T65: 294 | U65: 294
F69: 57 - 71 | G69: 57 | H69: 58 | I69: 59 | J69: 60 | K69: 61 | L69: 62 | M69: 63 | N69: 64 | O69: 65 | P69: 66 | Q69: 67 | R69: 68 | S69: 69 | T69: 70 | U69: 71
G71: La | H71: Ce | I71: Pr | J71: Nd | K71: Pm | L71: Sm | M71: Eu | N71: Gd | O71: Tb | P71: Dy | Q71: Ho | R71: Er | S71: Tm | T71: Yb | U71: Lu
G74: Lantânio | H74: Cério | I74: Praseodímio | J74: Neodímio | K74: Promécio | L74: Samário | M74: Európio | N74: Gadolínio | O74: Térbio | P74: Disprósio | Q74: Hólmio | R74: Érbio | S74: Túlio | T74: Itérbio | U74: Lutécio
G76: 138.91 | H76: 140.12 | I76: 140.91 | J76: 144.24 | K76: 145 | L76: 150.36 | M76: 151.96 | N76: 157.25 | O76: 158.93 | P76: 162.5 | Q76: 164.93 | R76: 167.26 | S76: 168.93 | T76: 173.05 | U76: 174.97
D78: Nº Atômico | F78: 89 - 103 | G78: 89 | H78: 90 | I78: 91 | J78: 92 | K78: 93 | L78: 94 | M78: 95 | N78: 96 | O78: 97 | P78: 98 | Q78: 99 | R78: 100 | S78: 101 | T78: 102 | U78: 103
D80: Símbolo | G80: Ac | H80: Th | I80: Pa | J80: U | K80: Np | L80: Pu | M80: Am | N80: Cm | O80: Bk | P80: Cf | Q80: Es | R80: Fm | S80: Md | T80: No | U80: Lr
D83: Nome | G83: Actínio | H83: Tório | I83: Protactínio | J83: Urânio | K83: Neptúnio | L83: Plutônio | M83: Amerício | N83: Cúrio | O83: Berquélio | P83: Califórnio | Q83: Einstênio | R83: Férmio | S83: Mendelévio | T83: Nobélio | U83: Laurêncio
D85: Massa | G85: 227 | H85: 232.04 | I85: 231.04 | J85: 238.03 | K85: 237 | L85: 244 | M85: 243 | N85: 247 | O85: 247 | P85: 251 | Q85: 252 | R85: 257 | S85: 258 | T85: 259 | U85: 266
H89: Ametais | K89: Metais Alcalinoterrosos | N89: Lantanídeos | Q89: Semimetais | T89: Halogênios
H93: Metais Alcalinos | K93: Metais de Transição | N93: Actinídeos | Q93: Metais Representativos | T93: Gases Nobres

Sheet Cálculos
B2: a) Gás carbônico, CO2 | I2: c) Glicose, C6H12O6
B4: Elemento | C4: Quantidade | E4: Massa atômica | F4: Resultado | I4: Elemento | J4: Quantidade | L4: Massa atômica | M4: Resultado
B5: C | C5: 1 | D5: * | E5: =tabela_periodica!Q20 -> 12.011 | F5: = | G5: =E5*C5 -> 12.011 | I5: C | J5: 6 | K5: * | L5: =tabela_periodica!Q20 -> 12.011 | M5: = | N5: =J5*L5 -> 72.066
B6: O | C6: 2 | D6: * | E6: =tabela_periodica!S20 -> 15.999 | F6: = | G6: =E6*C6 -> 31.998 | I6: O | J6: 6 | K6: * | L6: =tabela_periodica!S20 -> 15.999 | M6: = | N6: =J6*L6 -> 95.994
B7: Massa molecular do CO | F7: = | G7: =SUM(G5:G6) -> 44.009 | I7: H | J7: 12 | K7: * | L7: =tabela_periodica!D11 -> 1.008 | M7: = | N7: =J7*L7 -> 12.096
I8: Massa molecular da Glicose | M8: = | N8: =SUM(N5:N7) -> 180.156
B10: b) Ácido clorídrico, HCl | I10: d) Cloreto de sódio, NaCl
B12: Elemento | C12: Quantidade | E12: Massa atômica | F12: Resultado | I12: Elemento | J12: Quantidade | L12: Massa atômica | M12: Resultado
B13: H | C13: 1 | D13: * | E13: =tabela_periodica!D11 -> 1.008 | F13: = | G13: =C13*E13 -> 1.008 | I13: Na | J13: 1 | K13: * | L13: =tabela_periodica!D29 -> 22.99 | M13: = | N13: =J13*L13 -> 22.99
B14: Cl | C14: 1 | D14: * | E14: =tabela_periodica!T29 -> 35.45 | F14: = | G14: =C14*E14 -> 35.45 | I14: Cl | J14: 1 | K14: * | L14: =tabela_periodica!T29 -> 35.45 | M14: = | N14: =J14*L14 -> 35.45
B15: Massa molecular do HCl | F15: = | G15: =SUM(G13:G14) -> 36.458 | I15: Massa molecular do ácido clorídrico | M15: = | N15: =SUM(N13:N14) -> 58.44
I17: e) Hipoclorito de cálcio, Ca(ClO)2
I19: Elemento | J19: Quantidade | L19: Massa atômica | M19: Resultado
I20: Ca | J20: 1 | K20: * | L20: =tabela_periodica!E38 -> 40.078 | M20: = | N20: =J20*L20 -> 40.078
I21: Cl | J21: 2 | K21: * | L21: =tabela_periodica!T29 -> 35.45 | M21: = | N21: =J21*L21 -> 70.9
I22: O | J22: 2 | K22: * | L22: =tabela_periodica!S20 -> 15.999 | M22: = | N22: =J22*L22 -> 31.998
I23: Massa molecular do hipoclorito de cálcio | M23: = | N23: =SUM(N20:N22) -> 142.976
